,BLB,PendapatanbulananpurataisirumahkurangdaripadaPGK,Keadaantempattinggalusangataumulaiburuk,Lebih2ahliisirumahbilik,Menggunakantandasselaindaripadatandaspam,TiadakemudahanKutipanSampah,Semuaahliisirumahsamaadatidakmenggunakanpengangkutanpersendirian,Isirumahtidakmampumenyewadanmemilikirumah,Tidakmemilikitelefontaliantetapatautelefonbimbit,Tidakdapatmengaksesinternet,TidakmendapatkemudahanawamTeknologiICT,Semuaahliisirumahberumur1760tahunmempunyaikurangdaripada11tahunp,Kanakkanakantara616tahunyangtidakbersekolah,Pemeliharaanagama,Pemeliharaanakal,Pemeliharaannyawa,Pemeliharaanketurunan,Pemeliharaanharta,Pengambilanmakanankurangdaripadatiga3kalisehari,Selaindaripadabekalanairterawatdidalamrumahdanpaipairawampaipber,Cluster,Cluster_Name
0,0,1,0,0,0,0,0,0,0,0,1,0,0,0,1,0,0,1,0,0,0,Cluster_0
1,0,0,1,1,0,0,0,0,0,0,1,0,0,0,0,0,0,0,0,0,0,Cluster_0
2,0,1,1,1,0,0,0,0,0,0,1,0,0,0,0,0,0,0,0,0,0,Cluster_0
3,0,1,0,1,0,0,0,0,0,0,1,0,0,0,0,0,0,0,0,0,0,Cluster_0
4,0,0,0,1,0,0,0,0,0,0,1,0,0,0,0,0,0,0,0,0,0,Cluster_0
5,0,0,0,1,0,0,0,0,0,0,1,0,0,0,0,0,0,0,0,0,0,Cluster_0
6,0,1,0,1,0,1,0,1,0,0,1,0,0,0,0,0,0,0,0,0,0,Cluster_0
7,0,0,1,1,0,0,0,1,0,0,1,0,0,0,0,0,0,0,0,0,0,Cluster_0
8,0,1,1,1,0,1,0,0,0,0,1,0,0,0,0,0,0,0,0,0,0,Cluster_0
9,0,0,0,1,0,0,0,0,0,0,1,0,0,0,0,0,0,0,0,0,0,Cluster_0
10,0,0,1,0,1,1,0,0,0,0,1,0,0,0,0,0,0,0,0,0,0,Cluster_0
11,0,1,0,0,1,0,0,0,0,0,0,0,0,0,0,0,0,0,0,0,0,Cluster_0
12,0,1,1,1,1,1,0,0,0,0,1,0,0,0,0,0,0,0,0,1,0,Cluster_0
13,0,1,0,1,0,0,0,0,0,0,1,0,0,0,0,0,0,0,0,0,0,Cluster_0
14,0,1,0,1,0,0,0,0,0,1,1,0,0,0,0,0,0,0,0,0,0,Cluster_0
15,0,1,1,1,0,0,0,0,0,0,1,0,0,0,0,0,0,0,0,0,0,Cluster_0
16,0,0,1,1,0,0,0,0,0,0,0,0,0,0,0,0,0,0,1,0,0,Cluster_0
17,0,0,0,1,1,0,0,0,0,0,1,0,0,0,0,0,0,0,0,0,0,Cluster_0
18,0,0,1,1,0,0,0,1,0,1,1,0,0,0,0,0,0,0,0,0,0,Cluster_0
19,0,1,0,1,0,0,0,0,0,0,1,0,1,0,0,0,0,0,0,0,0,Cluster_0
20,0,0,0,1,0,1,0,1,0,0,1,0,0,0,0,0,0,0,0,0,0,Cluster_0
21,0,0,1,1,1,0,0,0,0,0,1,0,1,0,0,0,0,0,0,0,0,Cluster_0
22,0,0,1,1,0,0,0,0,0,0,1,0,0,0,0,0,0,0,0,0,0,Cluster_0
23,0,1,0,1,0,0,0,0,0,0,1,0,0,0,0,0,0,0,0,0,0,Cluster_0
24,0,0,0,1,1,0,0,0,0,0,1,0,0,0,0,0,0,0,0,0,0,Cluster_0
25,0,0,0,1,0,0,0,0,0,0,1,0,0,0,0,0,0,0,0,0,0,Cluster_0
26,0,0,0,1,0,0,0,1,0,0,1,0,0,0,0,0,0,0,0,0,0,Cluster_0
27,0,0,1,1,0,0,0,0,0,0,0,0,1,0,0,0,0,0,0,0,0,Cluster_0
28,0,0,1,1,0,0,0,0,0,0,0,0,0,0,0,0,0,0,0,0,0,Cluster_0
29,0,0,1,1,0,0,0,0,0,0,1,0,0,0,0,0,0,0,0,0,0,Cluster_0
30,0,1,1,1,1,0,0,0,0,1,1,0,0,0,0,0,0,0,1,0,0,Cluster_0
31,0,0,1,1,1,0,0,1,0,0,0,0,0,0,0,0,0,0,1,0,0,Cluster_0
32,0,0,1,1,0,0,0,0,0,0,1,0,0,0,0,0,0,0,1,0,0,Cluster_0
33,0,1,0,1,0,0,0,0,0,0,1,0,0,0,0,0,0,0,1,0,0,Cluster_0
34,0,1,1,1,0,0,0,0,0,0,1,0,0,0,0,0,0,0,0,0,0,Cluster_0
35,0,0,1,1,0,0,0,0,0,1,1,0,1,0,0,0,0,0,0,0,0,Cluster_0
36,0,0,1,1,0,0,0,0,0,0,0,0,0,0,0,0,0,0,0,0,0,Cluster_0
37,0,1,0,1,0,1,0,0,0,0,1,0,0,0,0,0,0,1,0,0,0,Cluster_0
38,0,0,0,0,0,0,0,0,0,1,1,0,0,0,0,0,0,0,0,0,0,Cluster_0
39,0,1,1,1,0,0,0,0,0,0,1,0,0,0,0,0,0,0,1,1,0,Cluster_0
40,0,0,1,1,0,0,0,0,0,0,1,0,0,0,0,0,0,0,0,0,0,Cluster_0
41,0,0,1,0,1,1,0,0,0,0,1,0,0,0,0,0,0,0,0,1,0,Cluster_0
42,0,0,1,1,0,0,0,0,0,0,1,0,0,0,0,0,0,0,0,0,0,Cluster_0
43,0,0,1,1,1,1,0,0,0,0,1,0,0,0,0,0,0,0,0,0,0,Cluster_0
44,0,0,0,0,0,0,0,0,0,0,1,0,0,0,0,0,0,0,1,0,0,Cluster_0
45,0,1,0,1,1,0,0,0,0,0,1,0,1,0,0,0,0,0,0,0,0,Cluster_0
46,0,1,0,1,0,0,0,0,0,0,1,0,0,0,0,0,0,0,0,0,0,Cluster_0
47,0,1,0,1,1,0,0,1,0,0,1,0,0,0,0,0,0,0,0,0,0,Cluster_0
48,0,0,0,0,0,0,0,0,0,0,1,0,0,0,0,0,0,0,0,0,0,Cluster_0
49,0,0,0,1,0,1,0,0,0,1,1,0,0,0,0,0,0,0,0,0,0,Cluster_0
50,0,0,0,1,0,1,0,0,0,1,0,0,0,0,0,0,0,0,0,0,0,Cluster_0
51,0,0,0,1,0,0,0,0,0,0,0,0,0,0,0,0,0,0,0,0,0,Cluster_0
52,0,0,0,1,0,1,0,1,0,0,1,0,0,0,0,0,0,0,0,0,0,Cluster_0
53,0,1,1,1,1,0,0,0,0,0,1,0,0,0,0,0,1,1,0,0,0,Cluster_0
54,0,1,0,0,0,1,0,0,0,0,1,0,0,0,0,0,0,0,0,0,0,Cluster_0
55,0,1,0,1,0,0,0,0,0,0,1,0,0,0,0,0,0,0,0,0,0,Cluster_0
56,0,1,1,0,0,0,0,0,0,0,1,0,0,0,0,0,0,0,0,0,0,Cluster_0
57,0,0,1,1,0,1,0,0,0,0,1,0,0,0,0,0,0,0,0,0,0,Cluster_0
58,0,0,1,1,0,0,0,0,0,0,1,0,0,0,0,0,0,0,0,0,0,Cluster_0
59,0,1,1,1,1,1,0,0,0,0,1,0,0,0,0,0,0,0,0,0,0,Cluster_0
60,0,1,1,1,1,1,1,0,0,0,1,0,0,0,0,0,0,0,0,0,0,Cluster_0
61,0,0,0,1,1,1,0,0,0,0,1,0,0,0,0,0,0,0,0,0,0,Cluster_0
62,0,0,1,1,1,1,0,0,0,0,1,0,0,0,0,0,0,0,0,1,0,Cluster_0
63,0,0,1,1,0,0,0,0,0,0,1,0,0,0,0,0,0,0,0,0,0,Cluster_0
64,0,1,0,1,0,0,0,0,0,1,1,0,0,0,0,0,0,0,0,0,0,Cluster_0
65,0,0,0,1,0,0,0,0,0,0,1,0,0,0,0,0,0,1,0,0,0,Cluster_0
66,0,1,1,1,0,1,0,0,0,0,1,0,0,0,0,0,0,0,0,0,0,Cluster_0
67,0,0,0,1,0,0,0,0,0,1,1,0,0,0,1,0,0,1,0,0,0,Cluster_0
68,0,0,0,1,0,0,0,0,0,0,1,0,0,0,0,0,0,0,0,0,0,Cluster_0
69,1,1,1,1,1,1,0,1,0,0,1,0,0,0,0,0,0,0,0,0,0,Cluster_0
70,1,1,1,1,0,1,0,0,0,0,1,0,0,0,0,0,0,0,0,0,0,Cluster_0
71,1,1,0,1,1,0,0,0,0,0,1,0,0,0,0,0,0,0,0,0,0,Cluster_0
72,1,1,0,1,1,0,0,0,0,1,1,0,0,0,0,0,0,0,0,0,0,Cluster_0
73,1,1,0,1,1,0,0,0,0,0,1,0,0,0,0,0,0,0,0,0,0,Cluster_0
74,1,1,0,1,1,0,0,0,0,1,1,0,0,0,1,0,0,0,0,0,0,Cluster_0
75,1,1,1,1,1,0,0,0,0,1,1,0,0,0,0,0,0,0,1,0,0,Cluster_0
76,1,1,0,1,0,0,0,0,0,0,1,0,1,0,0,0,0,0,0,0,0,Cluster_0
77,1,1,1,1,1,0,0,0,0,0,1,0,0,0,0,0,0,0,1,0,0,Cluster_0
78,1,0,0,0,0,0,0,0,0,0,1,0,0,0,0,0,0,0,0,0,0,Cluster_0
79,1,0,0,1,1,1,0,0,0,1,1,0,0,1,1,1,1,1,1,0,1,Cluster_1
80,1,1,1,0,1,0,0,0,0,0,1,0,0,1,1,1,1,0,0,0,1,Cluster_1
81,1,1,1,1,0,0,0,0,0,1,1,0,0,1,0,1,0,1,0,0,1,Cluster_1
82,1,1,1,1,1,0,0,0,0,0,1,0,0,0,0,0,0,0,0,0,0,Cluster_0
83,1,0,1,1,1,0,0,0,0,1,1,0,0,0,0,1,0,1,0,0,1,Cluster_1
84,1,1,0,1,0,0,0,0,0,1,1,0,0,0,0,0,0,0,0,0,0,Cluster_0
85,1,1,1,1,0,0,0,0,0,1,1,0,0,1,0,1,0,0,1,0,1,Cluster_1
86,1,1,1,1,1,0,0,0,0,1,1,0,0,0,0,0,0,0,0,0,0,Cluster_0
87,1,0,0,1,0,0,0,0,0,1,1,0,0,0,0,0,0,0,0,0,0,Cluster_0
88,1,1,1,1,1,0,0,0,0,0,1,0,0,0,1,0,0,0,0,0,0,Cluster_0
89,1,1,1,1,1,0,0,0,0,0,1,0,0,0,0,0,0,0,0,0,0,Cluster_0
90,1,1,1,1,1,0,0,0,0,0,1,0,0,0,0,0,0,0,0,0,0,Cluster_0
91,1,0,0,1,0,0,0,0,0,0,1,0,0,0,0,0,0,0,0,0,0,Cluster_0
92,1,0,0,1,0,0,0,0,0,1,1,0,0,0,0,0,0,0,0,1,0,Cluster_0
93,1,0,1,1,0,0,0,0,0,0,1,0,0,0,0,0,0,0,0,0,0,Cluster_0
94,1,1,1,1,1,0,0,0,0,0,1,0,0,0,0,0,0,0,0,0,0,Cluster_0
95,1,0,1,1,1,0,0,0,0,0,1,0,0,0,1,0,1,0,0,0,0,Cluster_0
96,1,1,0,1,1,0,0,0,0,0,1,0,0,0,0,0,0,0,0,0,0,Cluster_0
97,1,0,0,1,0,0,0,0,0,0,0,0,1,0,0,0,0,0,0,1,0,Cluster_0
98,1,1,1,1,1,1,0,0,0,0,1,0,0,0,0,0,0,0,1,0,0,Cluster_0
99,1,1,1,1,0,0,1,0,0,1,1,0,0,0,0,0,0,0,0,0,0,Cluster_0
100,1,1,0,1,1,0,0,0,0,0,1,0,0,0,0,0,0,0,0,0,0,Cluster_0
101,1,1,1,1,1,0,1,0,0,0,1,0,0,0,0,0,0,0,0,0,0,Cluster_0
102,1,1,1,0,1,1,0,0,0,1,1,0,0,0,0,1,0,1,0,0,1,Cluster_1
103,1,1,1,1,1,1,0,0,0,1,1,0,0,0,0,0,0,0,0,0,0,Cluster_0
104,1,1,0,1,1,0,1,0,0,0,1,0,0,0,0,0,0,0,0,0,0,Cluster_0
105,1,0,0,1,0,0,0,0,0,1,1,0,0,0,1,1,0,0,1,0,1,Cluster_1
106,1,1,1,1,1,1,0,0,0,1,1,0,0,0,0,0,0,0,1,0,0,Cluster_0
107,1,1,1,1,0,1,0,0,0,0,1,0,0,0,0,0,0,0,0,0,0,Cluster_0
108,1,1,0,0,0,0,0,0,0,0,1,0,0,0,0,0,0,0,0,0,0,Cluster_0
109,1,1,1,1,0,0,0,0,0,1,1,0,0,1,0,0,0,0,0,0,0,Cluster_0
110,1,0,0,1,0,0,0,0,0,1,1,0,0,0,0,0,0,0,0,0,0,Cluster_0
111,1,1,0,1,0,0,0,0,0,1,1,0,0,0,0,0,0,0,0,0,0,Cluster_0
112,1,1,1,0,1,1,0,0,0,0,1,0,0,0,0,0,0,0,0,0,0,Cluster_0
113,1,1,1,1,1,0,0,0,0,1,1,0,0,0,0,0,0,0,1,0,0,Cluster_0
114,1,1,1,1,0,0,1,1,0,1,1,0,0,0,0,0,0,0,0,0,0,Cluster_0
115,1,1,1,0,0,0,0,0,0,1,1,0,0,1,0,0,0,0,0,1,0,Cluster_0
116,1,0,0,1,0,0,0,0,0,0,1,0,0,0,0,1,0,1,0,0,1,Cluster_1
117,1,0,0,0,0,0,0,0,0,0,1,0,0,0,0,0,0,0,0,0,0,Cluster_0
118,1,1,1,0,1,1,0,0,0,0,1,0,0,0,0,1,0,0,0,1,1,Cluster_1
119,1,1,1,1,1,0,0,0,0,1,1,0,0,0,0,1,0,0,1,0,1,Cluster_1
120,1,0,1,0,1,1,0,0,0,1,1,0,0,0,0,1,0,0,1,1,1,Cluster_1
121,1,0,1,1,0,0,0,0,0,0,1,0,0,0,1,0,0,1,1,0,0,Cluster_0
122,1,1,1,1,0,0,0,0,0,1,1,0,0,0,0,1,1,1,0,0,1,Cluster_1
123,1,1,1,1,1,1,0,0,0,1,1,0,0,0,0,0,0,0,0,0,0,Cluster_0
124,1,0,1,1,1,0,1,0,0,0,1,0,0,0,0,0,0,0,0,0,0,Cluster_0
125,1,1,0,0,0,1,0,1,0,1,1,0,0,0,0,0,0,0,0,0,0,Cluster_0
126,1,1,0,1,1,0,0,0,0,0,1,0,1,0,0,0,0,0,0,0,0,Cluster_0
127,1,0,0,1,0,0,0,1,0,0,1,0,0,0,0,0,0,0,0,0,0,Cluster_0
128,1,1,1,1,1,0,0,0,0,0,1,0,0,0,0,0,0,0,0,0,0,Cluster_0
129,1,0,0,1,0,0,0,0,0,0,1,0,0,0,0,1,0,0,0,0,0,Cluster_0
130,1,1,0,1,0,1,0,1,0,0,1,0,0,0,0,0,0,1,0,0,0,Cluster_0
131,1,0,0,0,0,0,0,1,0,0,1,0,0,0,0,0,0,0,0,0,0,Cluster_0
132,1,1,1,1,1,0,0,0,0,0,1,0,0,0,0,0,1,1,0,0,0,Cluster_0
133,1,1,0,0,1,1,0,0,0,0,1,0,0,0,0,0,0,0,0,0,0,Cluster_0
134,1,1,1,1,0,0,1,0,0,1,1,0,0,0,0,0,0,0,0,0,0,Cluster_0
135,1,1,0,1,0,1,0,0,0,1,1,0,0,0,0,0,0,0,0,0,0,Cluster_0
136,1,1,1,1,0,0,0,1,0,0,1,0,0,0,0,0,0,0,0,1,0,Cluster_0
137,1,1,1,0,1,0,0,0,0,0,1,0,0,0,0,0,0,0,0,1,0,Cluster_0
138,1,1,1,1,0,0,0,0,0,0,1,0,0,0,0,0,0,0,0,1,0,Cluster_0
139,1,0,0,1,0,0,0,0,0,0,1,0,0,0,0,0,0,0,0,0,0,Cluster_0
140,0,1,0,1,0,0,0,0,0,0,1,0,0,0,0,0,0,0,0,0,0,Cluster_0
141,0,0,1,0,1,0,0,0,0,1,1,0,0,0,0,0,0,0,0,1,0,Cluster_0
142,0,1,1,1,0,0,0,0,0,1,1,0,0,0,0,0,0,0,0,0,0,Cluster_0
143,0,0,0,1,0,0,0,0,0,1,1,0,0,0,0,0,0,0,0,0,0,Cluster_0
144,0,1,0,1,1,0,0,0,0,0,1,0,0,0,0,0,0,1,0,0,0,Cluster_0
145,0,1,0,1,0,0,0,0,0,0,1,0,0,0,0,0,0,0,0,0,0,Cluster_0
146,0,1,0,1,1,0,0,0,0,0,1,0,0,0,0,1,0,0,0,0,0,Cluster_0
147,0,1,0,1,1,0,0,0,0,0,1,0,1,0,0,0,0,1,1,0,0,Cluster_0
148,0,1,0,1,1,0,0,0,0,0,1,0,0,0,0,0,0,0,0,0,0,Cluster_0
149,0,0,0,1,0,0,0,0,0,0,1,0,0,0,1,0,0,1,0,0,0,Cluster_0
150,0,0,1,1,0,0,0,0,0,0,1,0,0,0,0,0,0,0,0,0,0,Cluster_0
151,0,1,1,1,0,0,0,0,0,0,1,0,0,0,1,1,1,0,0,0,1,Cluster_1
152,0,1,1,0,0,0,0,0,0,0,1,0,0,0,1,0,0,0,1,0,0,Cluster_0
153,0,1,0,1,0,1,0,0,0,1,1,0,0,0,1,0,0,1,1,0,0,Cluster_0
154,0,0,1,1,0,0,0,0,0,0,1,0,0,0,1,0,0,1,0,0,0,Cluster_0
155,0,1,1,1,0,0,0,0,0,0,1,0,0,0,1,0,0,1,1,0,0,Cluster_0
156,0,1,1,1,0,0,0,0,0,0,1,0,0,0,1,1,0,0,0,0,1,Cluster_1
157,0,1,1,1,0,0,0,0,0,0,1,0,0,0,0,0,0,0,0,0,0,Cluster_0
158,0,1,0,1,0,0,0,0,0,0,1,0,0,0,1,0,0,0,1,0,0,Cluster_0
159,0,1,0,1,0,0,0,0,0,1,1,0,0,0,1,0,0,0,0,0,0,Cluster_0
160,0,1,0,1,0,0,0,0,0,0,0,0,0,0,1,0,0,0,0,0,0,Cluster_0
161,0,0,1,1,0,0,0,0,0,1,1,0,0,0,0,0,0,0,0,0,0,Cluster_0
162,0,1,1,1,0,0,1,0,1,1,1,0,0,0,0,0,0,0,0,0,0,Cluster_0
163,0,1,0,1,0,0,0,0,0,1,1,0,0,0,0,0,0,0,0,0,0,Cluster_0
164,0,0,1,1,0,0,0,0,0,0,1,0,0,0,0,0,0,0,1,0,0,Cluster_0
165,0,1,1,1,1,1,1,0,0,0,1,0,0,0,1,0,0,0,1,0,0,Cluster_0
166,0,1,0,1,0,0,0,1,0,1,1,0,0,0,0,0,0,0,1,0,0,Cluster_0
167,0,1,1,1,0,0,0,0,0,1,1,0,0,0,1,0,0,0,0,0,0,Cluster_0
168,0,1,0,1,0,1,0,0,0,1,1,0,0,0,0,0,0,0,0,0,0,Cluster_0
169,0,1,0,1,0,1,0,0,0,1,1,0,0,0,1,0,0,0,1,0,0,Cluster_0
170,0,1,1,1,0,1,0,0,0,1,1,0,0,0,0,0,0,0,0,0,0,Cluster_0
171,0,1,1,1,0,1,0,1,0,1,1,0,0,0,1,0,0,0,0,0,0,Cluster_0
172,0,1,1,1,0,1,0,0,0,0,1,0,1,0,1,1,0,0,0,0,1,Cluster_1
173,0,1,0,1,1,1,0,0,0,0,1,0,0,0,1,0,0,0,1,0,0,Cluster_0
174,0,1,1,1,0,0,0,0,0,0,1,0,0,0,0,0,0,0,0,0,0,Cluster_0
175,0,1,0,1,1,0,0,0,0,0,1,0,0,0,1,0,0,0,0,0,0,Cluster_0
176,0,1,1,1,0,0,0,0,0,1,1,0,0,0,0,0,0,0,0,0,0,Cluster_0
177,0,1,1,1,1,0,0,0,0,0,1,0,0,0,1,1,0,1,0,0,1,Cluster_1
178,0,1,1,1,1,1,0,0,0,0,1,0,0,0,0,0,0,0,1,0,0,Cluster_0
179,0,1,1,1,0,0,1,0,0,1,1,0,0,0,1,0,0,0,0,0,0,Cluster_0
180,0,1,1,1,1,0,0,1,0,0,1,0,0,0,1,0,0,0,0,0,0,Cluster_0
181,0,1,1,1,1,0,0,0,0,1,1,0,0,0,1,0,0,0,0,0,0,Cluster_0
182,0,0,0,1,0,0,0,0,0,0,1,0,0,0,1,0,0,0,0,0,0,Cluster_0
183,0,1,0,1,1,1,0,0,0,1,1,0,0,0,1,0,0,0,0,0,0,Cluster_0
184,0,1,0,1,0,0,0,0,0,0,1,0,0,0,0,0,0,0,0,0,0,Cluster_0
185,0,1,1,1,0,1,0,0,0,0,1,0,0,0,1,1,0,1,0,0,1,Cluster_1
186,0,1,1,1,0,0,1,0,0,1,1,0,0,0,1,0,0,0,0,0,0,Cluster_0
187,1,1,1,1,1,0,0,0,0,0,1,0,0,0,1,0,0,0,0,0,0,Cluster_0
188,1,1,1,1,1,0,0,1,0,1,1,0,0,0,0,0,0,0,0,0,0,Cluster_0
189,1,1,0,0,1,0,0,0,0,1,1,0,0,0,1,1,0,0,0,0,1,Cluster_1
190,1,1,0,1,1,0,0,0,0,0,1,0,1,0,1,0,0,0,1,0,0,Cluster_0
191,1,1,1,1,1,1,0,0,0,1,1,0,0,0,0,0,0,0,0,0,0,Cluster_0
192,1,1,1,0,1,0,0,0,0,1,1,0,0,0,0,0,0,0,0,1,0,Cluster_0
193,1,1,0,1,0,1,0,0,0,0,1,0,0,0,1,0,0,0,0,0,0,Cluster_0
194,1,1,0,1,0,1,0,0,0,1,1,0,1,0,0,0,0,0,1,0,0,Cluster_0
195,1,1,1,1,1,1,0,1,0,0,1,0,0,0,0,0,0,0,0,0,0,Cluster_0
196,1,1,1,1,1,1,0,0,0,0,1,0,1,0,0,0,0,0,0,0,0,Cluster_0
197,1,1,0,1,0,0,0,0,0,1,1,0,0,0,0,0,0,0,0,0,0,Cluster_0
198,1,1,0,1,0,0,0,0,0,0,1,0,0,0,1,0,0,0,0,0,0,Cluster_0
199,1,1,0,1,0,0,0,0,0,1,1,0,0,0,0,0,0,0,1,0,0,Cluster_0
200,1,0,0,0,0,0,0,0,0,0,1,0,0,0,1,0,0,0,1,0,0,Cluster_0
201,1,1,0,1,0,0,0,0,0,1,1,0,0,0,1,0,0,0,0,1,0,Cluster_0
202,1,1,1,1,1,1,0,0,0,0,1,0,0,0,0,0,0,0,0,0,0,Cluster_0
203,1,1,0,1,0,0,0,0,0,0,1,0,0,1,1,1,0,1,0,0,1,Cluster_1
204,1,1,1,1,1,1,0,0,0,0,1,0,0,0,0,0,0,0,1,0,0,Cluster_0
205,1,1,0,1,0,0,0,0,0,1,1,0,0,0,0,0,0,0,0,0,0,Cluster_0
206,1,1,0,1,1,1,0,0,0,0,1,0,0,0,0,0,0,0,1,0,0,Cluster_0
207,1,1,1,1,1,0,0,1,0,1,1,0,0,0,0,0,0,0,0,0,0,Cluster_0
208,1,1,1,1,0,0,0,0,0,1,1,0,1,0,0,0,0,0,0,0,0,Cluster_0
209,1,1,1,1,0,1,0,0,0,1,1,0,1,0,1,1,0,1,0,0,1,Cluster_1
210,1,1,1,1,1,1,0,0,0,0,1,0,1,0,0,0,0,0,0,0,0,Cluster_0
211,1,1,1,1,0,0,0,0,0,1,1,0,0,0,0,0,0,0,1,0,0,Cluster_0
212,1,1,1,1,1,1,0,0,0,1,1,0,0,0,0,0,0,0,1,0,0,Cluster_0
213,1,1,0,1,0,0,0,0,0,1,1,0,0,0,0,0,0,0,1,0,0,Cluster_0
214,1,1,1,1,0,1,0,0,1,1,1,0,0,1,1,1,1,1,0,0,1,Cluster_1
215,1,0,1,1,1,1,0,0,0,1,1,0,1,0,0,0,0,0,0,0,0,Cluster_0
216,1,1,0,1,0,0,0,0,0,1,1,0,0,0,0,0,0,1,0,0,0,Cluster_0
217,1,1,1,1,1,0,0,0,0,0,1,0,0,0,0,0,0,0,1,0,0,Cluster_0
218,1,1,1,1,1,0,0,0,0,1,1,0,0,0,1,1,0,0,0,0,1,Cluster_1
219,1,1,1,1,0,0,0,0,0,0,1,0,0,0,0,0,0,0,1,0,0,Cluster_0
220,1,1,1,1,0,1,1,0,0,0,1,0,0,0,0,0,0,0,0,0,0,Cluster_0
221,1,1,0,1,1,1,0,0,0,1,1,0,0,0,0,0,1,0,0,0,0,Cluster_0
222,1,1,0,1,1,0,0,0,0,1,1,0,0,0,0,0,0,0,0,0,0,Cluster_0
223,1,1,0,1,1,0,0,0,0,0,1,0,1,0,0,0,0,0,0,0,0,Cluster_0
224,1,0,0,1,0,0,0,1,0,1,1,0,0,0,0,0,0,0,0,0,0,Cluster_0
225,1,0,1,0,0,0,0,0,0,1,1,0,0,1,1,1,1,1,0,0,1,Cluster_1
226,1,1,1,0,1,1,0,0,0,1,1,0,0,0,0,0,0,0,0,0,0,Cluster_0
227,1,1,1,1,1,1,0,1,0,1,1,0,1,0,1,0,0,0,0,0,0,Cluster_0
228,1,0,1,1,1,0,0,0,0,0,1,0,1,0,1,0,0,0,0,0,0,Cluster_0
229,1,1,1,1,0,0,0,0,0,1,1,0,0,0,0,0,0,0,0,0,0,Cluster_0
230,1,0,0,0,1,0,0,0,0,1,1,0,0,0,0,0,0,0,0,0,0,Cluster_0
231,1,0,0,1,1,0,0,0,0,1,1,0,0,0,1,0,0,0,0,0,0,Cluster_0
232,1,1,1,1,1,0,0,0,0,1,1,0,1,0,0,0,0,0,0,0,0,Cluster_0
233,1,1,0,1,1,0,0,0,0,1,1,0,0,0,0,0,1,0,0,0,0,Cluster_0
234,0,1,1,0,0,0,0,0,0,1,0,0,0,0,0,0,1,0,0,0,0,Cluster_0
235,0,0,0,1,0,0,0,0,0,0,1,0,1,0,0,0,0,0,0,0,0,Cluster_0
236,0,0,0,1,1,0,0,0,0,1,1,0,0,0,1,0,1,0,0,0,0,Cluster_0
237,0,1,0,1,0,0,0,0,0,1,1,0,1,0,1,0,0,0,0,0,0,Cluster_0
238,0,0,1,1,0,0,0,0,0,0,1,0,0,0,0,0,0,0,0,0,0,Cluster_0
239,0,1,0,1,0,0,0,0,0,0,0,0,1,0,1,0,0,0,0,0,0,Cluster_0
240,0,1,0,1,0,0,0,0,0,0,0,0,0,0,1,0,0,0,0,0,0,Cluster_0
241,0,1,1,1,0,1,0,0,0,0,1,0,0,0,0,0,1,0,0,0,0,Cluster_0
242,0,1,0,1,1,0,0,0,0,0,0,0,0,0,0,0,0,0,0,0,0,Cluster_0
243,0,1,0,1,0,0,0,0,0,0,1,0,0,0,1,0,0,0,0,0,0,Cluster_0
244,0,0,0,1,0,0,0,0,0,1,0,0,0,0,1,1,0,0,1,0,1,Cluster_1
245,0,1,0,1,0,0,0,0,0,0,0,0,0,0,0,0,0,0,1,0,0,Cluster_0
246,0,1,1,1,0,0,1,0,0,0,0,0,0,0,1,0,0,0,0,0,0,Cluster_0
247,0,0,0,1,0,0,0,0,0,0,0,0,0,0,1,0,0,0,0,0,0,Cluster_0
248,0,1,1,1,0,0,0,0,0,0,1,0,0,0,1,1,0,1,0,0,1,Cluster_1
249,0,1,1,1,1,0,0,0,0,0,0,0,0,0,1,0,0,0,1,0,0,Cluster_0
250,0,0,0,1,0,0,0,0,0,0,1,0,0,0,1,0,0,0,0,0,0,Cluster_0
251,0,0,0,1,0,0,0,0,0,0,0,0,0,0,1,0,0,0,0,0,0,Cluster_0
252,0,1,1,1,0,0,0,0,0,0,1,0,0,0,1,0,0,0,0,0,0,Cluster_0
253,0,1,1,1,0,0,0,1,0,0,0,0,0,0,1,0,0,0,0,0,0,Cluster_0
254,0,1,0,1,0,0,0,0,0,0,0,0,0,0,1,0,0,1,0,0,0,Cluster_0
255,0,1,0,1,0,0,0,0,0,0,1,0,0,0,1,0,0,0,0,0,0,Cluster_0
256,0,1,1,1,0,0,0,0,0,0,1,0,0,0,0,0,0,0,0,0,0,Cluster_0
257,0,1,0,1,0,0,0,0,0,0,0,0,0,0,1,0,0,0,0,0,0,Cluster_0
258,0,0,0,1,0,0,0,0,0,0,1,0,0,0,1,0,0,0,0,0,0,Cluster_0
259,0,0,1,1,0,0,0,0,0,0,0,0,0,0,1,1,0,0,0,0,1,Cluster_1
260,0,1,0,1,0,0,0,0,0,0,0,0,0,0,0,0,0,0,1,0,0,Cluster_0
261,0,1,1,1,0,0,0,0,0,0,0,0,0,0,0,0,0,0,1,0,0,Cluster_0
262,0,1,1,1,0,0,0,0,0,0,1,0,0,0,0,0,0,0,0,0,0,Cluster_0
263,0,1,1,1,0,0,0,0,0,0,1,0,0,0,0,0,0,1,1,0,0,Cluster_0
264,0,1,0,1,0,0,0,1,0,0,0,0,0,0,1,0,0,0,0,0,0,Cluster_0
265,0,1,0,1,0,0,0,0,0,0,1,0,0,1,1,1,0,1,0,0,1,Cluster_1
266,0,1,1,1,0,0,1,0,1,0,0,0,0,0,0,1,0,1,1,0,1,Cluster_1
267,0,1,1,1,1,1,1,1,1,0,0,0,0,0,0,0,0,1,1,0,0,Cluster_0
268,0,1,1,1,1,0,0,0,0,0,0,0,0,1,1,1,1,1,0,0,1,Cluster_1
269,0,1,1,1,0,0,0,0,0,0,0,0,0,0,1,0,0,0,1,0,0,Cluster_0
270,0,1,1,1,0,1,0,0,0,0,0,0,0,0,0,0,0,0,0,0,0,Cluster_0
271,0,1,1,1,0,1,1,1,0,0,0,0,0,0,1,0,0,0,1,0,0,Cluster_0
272,0,1,1,1,0,1,0,1,0,0,1,0,0,0,0,0,0,0,0,0,0,Cluster_0
273,1,1,1,1,1,0,0,0,0,0,0,0,0,0,0,0,0,0,1,0,0,Cluster_0
274,1,1,1,0,1,0,0,0,0,0,1,0,0,0,0,0,0,0,0,0,0,Cluster_0
275,1,1,0,1,1,0,0,0,0,0,0,0,0,0,0,0,0,0,1,0,0,Cluster_0
276,1,1,1,1,0,0,0,0,0,0,0,0,0,0,0,1,0,0,0,1,1,Cluster_1
277,1,1,1,1,1,0,0,0,0,0,1,0,0,0,0,1,1,1,0,0,1,Cluster_1
278,1,1,1,0,1,0,0,0,0,0,0,0,0,1,1,1,1,0,0,0,1,Cluster_1
279,1,1,1,1,1,0,0,0,0,0,0,0,0,0,0,0,0,0,1,0,0,Cluster_0
280,1,1,0,1,1,0,0,0,0,0,1,0,0,0,0,0,0,0,1,0,0,Cluster_0
281,1,1,1,1,0,0,0,0,0,0,0,0,0,0,0,0,0,0,0,0,0,Cluster_0
282,1,1,1,1,0,0,0,0,0,0,1,0,0,0,1,0,0,0,0,0,0,Cluster_0
283,1,1,0,1,1,1,0,1,1,0,0,0,0,0,1,0,1,0,1,0,0,Cluster_0
284,1,1,1,1,1,0,0,0,0,0,0,0,0,0,1,0,0,0,0,0,0,Cluster_0
285,1,1,1,1,1,0,0,0,0,0,0,0,0,0,1,0,0,0,0,0,0,Cluster_0
286,1,1,0,1,0,0,1,0,0,0,0,0,0,0,0,0,0,0,0,0,0,Cluster_0
287,1,0,0,1,1,0,0,0,0,0,0,0,0,0,1,1,0,0,0,0,1,Cluster_1
288,1,0,1,1,1,0,0,0,0,0,0,0,0,0,1,1,0,0,0,0,1,Cluster_1
289,1,1,0,1,1,0,0,0,0,0,0,0,0,0,1,1,0,1,0,0,1,Cluster_1
290,1,1,1,1,0,0,0,0,0,0,0,0,0,0,1,1,0,0,1,0,1,Cluster_1
291,1,1,1,1,0,1,0,0,0,0,0,0,0,0,1,0,0,0,1,0,0,Cluster_0
292,1,1,0,1,0,0,0,0,0,0,0,0,0,0,0,0,0,0,0,0,0,Cluster_0
293,1,1,0,1,1,0,0,0,0,0,0,0,0,0,0,0,0,0,0,0,0,Cluster_0
294,1,1,1,1,1,0,0,0,0,0,0,0,0,0,0,0,0,0,0,1,0,Cluster_0
295,1,1,1,1,0,0,0,0,0,0,0,0,0,0,0,0,0,0,0,0,0,Cluster_0
296,1,1,1,1,1,0,0,1,0,0,0,0,0,0,1,0,0,0,0,0,0,Cluster_0
297,1,1,0,1,0,1,0,0,0,0,0,0,0,0,1,0,0,0,0,0,0,Cluster_0
298,1,1,1,1,1,0,0,0,0,0,0,0,0,0,0,0,0,0,0,0,0,Cluster_0
299,1,1,1,1,0,0,0,0,0,0,0,0,0,0,0,0,0,0,0,0,0,Cluster_0
300,1,1,0,1,0,0,0,0,0,0,1,0,0,0,1,0,0,0,0,0,0,Cluster_0
301,1,1,1,1,1,1,0,1,0,0,0,0,0,0,1,0,0,0,0,0,0,Cluster_0
302,1,1,0,1,0,0,0,1,0,0,1,0,0,0,0,0,0,0,0,0,0,Cluster_0
303,1,1,1,1,1,1,0,1,0,0,1,0,0,0,0,0,0,0,0,0,0,Cluster_0
304,1,1,0,1,1,0,1,0,1,0,0,0,0,0,0,0,0,0,0,0,0,Cluster_0
305,1,1,1,1,0,0,0,1,0,0,0,0,0,0,1,0,0,0,0,0,0,Cluster_0
306,1,1,0,1,0,1,0,0,0,0,1,0,0,0,0,0,0,0,0,0,0,Cluster_0
307,1,0,0,1,0,1,0,0,0,0,0,0,0,0,0,0,0,0,1,0,0,Cluster_0
308,1,1,1,1,1,1,0,0,0,0,0,0,0,0,0,0,0,0,0,0,0,Cluster_0
309,1,1,0,1,1,0,0,0,0,0,0,0,0,0,0,0,0,0,0,0,0,Cluster_0
310,1,1,1,1,1,0,0,1,0,0,1,0,0,0,0,0,0,0,0,0,0,Cluster_0
311,1,0,1,1,1,0,0,1,0,0,1,0,0,0,0,1,0,1,0,0,1,Cluster_1
312,0,1,1,1,1,1,0,0,0,0,0,0,0,0,0,0,0,0,0,0,0,Cluster_0
313,0,0,1,1,0,0,0,1,0,0,1,0,0,0,0,0,0,1,1,0,0,Cluster_0
314,0,1,0,0,0,0,0,0,0,0,1,0,0,0,0,1,0,0,0,0,0,Cluster_0
315,0,0,0,1,1,0,0,0,0,0,0,0,0,0,0,0,0,0,0,1,0,Cluster_0
316,0,1,1,1,0,1,0,0,0,0,1,0,0,0,0,0,0,0,0,0,0,Cluster_0
317,0,1,0,1,0,0,0,0,0,0,0,0,0,0,0,1,1,0,1,0,1,Cluster_1
318,0,0,1,1,0,0,0,0,0,0,1,0,0,0,0,0,0,0,0,0,0,Cluster_0
319,0,1,0,1,0,0,0,1,0,0,1,0,0,0,0,0,0,0,0,0,0,Cluster_0
320,0,1,0,1,1,0,0,0,0,0,1,0,0,0,0,0,0,0,0,0,0,Cluster_0
321,0,1,1,1,1,0,0,0,0,0,1,0,1,0,0,0,1,1,0,0,0,Cluster_0
322,0,1,0,1,0,0,0,0,0,0,0,0,0,0,0,0,1,1,0,0,0,Cluster_0
323,0,1,0,1,0,0,0,0,0,0,0,0,0,0,1,0,0,0,1,0,0,Cluster_0
324,0,1,1,1,0,0,0,0,0,0,1,0,0,0,1,0,0,0,0,0,0,Cluster_0
325,0,1,1,1,0,0,0,0,0,0,1,0,0,0,0,0,0,0,0,0,0,Cluster_0
326,0,1,1,1,1,0,1,0,1,0,1,0,0,0,0,0,0,0,0,0,0,Cluster_0
327,0,1,1,1,1,1,1,0,1,0,1,0,0,0,1,0,0,0,0,0,0,Cluster_0
328,0,1,1,1,0,0,0,0,0,0,1,0,0,0,0,0,0,0,0,0,0,Cluster_0
329,0,1,1,1,0,0,0,0,0,0,1,0,0,0,0,0,0,0,0,0,0,Cluster_0
330,1,1,1,1,0,0,0,0,0,0,0,0,0,0,0,1,0,0,0,0,1,Cluster_1
331,1,1,1,0,1,0,0,0,0,0,0,0,0,0,0,0,0,0,0,0,0,Cluster_0
332,1,1,0,0,0,0,0,0,0,0,1,0,0,0,0,0,0,0,0,0,0,Cluster_0
333,1,1,0,1,0,0,0,0,1,0,1,0,0,0,0,0,0,0,0,0,0,Cluster_0
334,1,1,0,1,1,0,0,0,0,0,1,0,0,0,0,0,0,1,0,0,0,Cluster_0
335,1,1,0,1,0,0,0,0,0,0,1,0,0,0,0,0,0,0,0,0,0,Cluster_0
336,1,1,0,1,1,0,0,0,0,0,1,0,0,0,0,0,0,0,0,0,0,Cluster_0
337,1,1,0,1,1,0,0,0,0,0,1,0,0,0,0,0,0,0,0,0,0,Cluster_0
338,1,1,1,1,1,0,0,0,1,0,1,0,0,0,0,0,0,0,0,0,0,Cluster_0
339,1,1,0,1,0,0,0,0,0,0,1,0,0,0,1,0,0,0,0,0,0,Cluster_0
340,1,1,1,1,0,0,0,0,0,0,1,0,0,0,0,0,0,0,0,0,0,Cluster_0
341,1,1,0,1,1,0,0,0,0,0,1,0,0,0,0,0,0,0,0,0,0,Cluster_0
342,1,1,0,1,1,0,1,1,0,0,0,0,0,0,0,0,0,0,0,0,0,Cluster_0
343,1,1,0,1,0,0,0,0,0,0,1,0,0,0,0,0,0,0,0,0,0,Cluster_0
344,1,1,1,1,1,0,0,0,0,0,1,0,0,0,0,0,0,0,0,0,0,Cluster_0
345,1,1,0,1,1,0,0,0,0,0,1,0,0,0,0,0,0,0,0,0,0,Cluster_0
346,1,1,0,1,0,0,0,0,0,0,1,0,0,0,0,0,0,0,0,0,0,Cluster_0
347,1,1,0,1,1,0,0,0,0,0,1,0,0,0,0,0,0,1,1,0,0,Cluster_0
348,0,1,0,1,0,0,0,0,0,0,0,0,1,0,1,0,0,0,0,0,0,Cluster_0
349,0,1,0,1,1,0,0,0,0,0,1,0,0,0,0,0,0,0,1,0,0,Cluster_0
350,0,1,0,1,0,0,0,0,0,0,0,0,0,0,0,0,1,0,0,0,0,Cluster_0
351,0,1,0,1,1,0,0,0,0,0,1,0,0,0,0,0,0,0,0,0,0,Cluster_0
352,0,1,1,0,1,0,0,0,0,0,1,0,0,0,0,0,0,0,1,0,0,Cluster_0
353,0,0,0,1,0,0,0,0,0,0,1,0,0,0,0,0,0,0,0,0,0,Cluster_0
354,0,1,1,1,0,0,0,0,0,0,1,0,0,0,1,1,1,1,1,0,1,Cluster_1
355,0,1,0,1,0,0,0,0,0,0,0,0,0,0,0,0,0,0,1,0,0,Cluster_0
356,0,1,1,1,0,0,0,0,0,0,0,0,0,0,0,0,0,0,1,0,0,Cluster_0
357,0,1,1,1,0,0,0,0,0,0,1,0,0,0,0,0,0,0,1,0,0,Cluster_0
358,0,0,0,1,0,0,0,0,0,0,0,0,0,0,0,0,0,0,0,0,0,Cluster_0
359,0,1,1,1,0,0,0,0,0,0,1,0,0,0,0,0,0,0,1,0,0,Cluster_0
360,0,1,0,1,0,0,0,0,0,0,1,0,0,0,0,0,0,0,1,0,0,Cluster_0
361,0,1,0,1,0,0,0,0,0,0,1,0,0,0,0,0,0,0,1,0,0,Cluster_0
362,0,1,1,1,1,0,0,0,0,0,1,0,0,0,0,0,0,0,0,0,0,Cluster_0
363,0,1,1,1,0,0,0,0,0,0,1,0,0,0,0,0,0,0,1,0,0,Cluster_0
364,0,1,1,1,0,0,0,0,0,0,1,0,0,0,1,1,0,1,1,0,1,Cluster_1
365,0,1,1,1,1,0,0,0,0,0,0,0,1,0,0,0,0,0,0,0,0,Cluster_0
366,0,1,0,0,0,0,0,0,0,0,1,0,0,0,0,0,0,0,1,0,0,Cluster_0
367,0,1,0,0,0,0,0,0,0,0,1,0,0,0,0,0,0,0,0,0,0,Cluster_0
368,0,0,0,0,0,0,0,0,0,0,1,0,0,0,0,0,0,0,0,0,0,Cluster_0
369,0,1,1,1,1,0,0,0,0,0,1,0,0,0,1,1,0,1,0,0,1,Cluster_1
370,0,0,0,1,0,0,0,0,0,0,0,0,0,0,0,0,0,0,0,0,0,Cluster_0
371,0,0,0,1,1,0,0,1,0,0,1,0,0,0,0,0,0,0,0,0,0,Cluster_0
372,0,1,0,1,0,0,0,0,0,1,1,0,0,0,0,0,1,0,0,0,0,Cluster_0
373,0,1,0,1,0,0,0,0,0,0,1,0,0,0,0,0,1,0,1,0,0,Cluster_0
374,0,0,0,1,0,0,0,0,0,0,1,0,0,0,0,0,0,1,0,0,0,Cluster_0
375,1,1,0,1,0,0,0,0,0,0,1,0,1,0,0,0,0,0,0,0,0,Cluster_0
376,1,1,1,1,0,0,0,0,0,0,1,0,0,0,0,0,0,0,0,0,0,Cluster_0
377,1,1,0,1,0,0,0,0,0,0,1,0,0,0,1,0,0,1,0,0,0,Cluster_0
378,1,1,1,1,0,0,0,0,0,0,1,0,0,0,0,0,0,0,1,0,0,Cluster_0
379,1,1,0,1,0,0,0,0,0,0,1,0,0,0,1,0,0,0,0,0,0,Cluster_0
380,1,0,1,1,0,0,0,0,0,0,0,0,0,0,0,1,0,0,1,0,1,Cluster_1
381,1,1,0,0,0,0,0,0,0,0,1,0,0,0,0,0,0,0,0,0,0,Cluster_0
382,1,1,0,1,0,1,0,0,0,1,1,0,0,0,0,0,0,0,0,0,0,Cluster_0
383,1,1,1,1,0,0,0,0,0,0,1,0,0,0,0,0,0,0,0,0,0,Cluster_0
384,1,1,1,1,0,0,0,0,0,1,1,0,0,0,0,0,0,0,0,0,0,Cluster_0
385,1,0,0,1,0,0,0,0,0,0,1,0,0,0,1,0,0,0,0,0,0,Cluster_0
386,1,1,0,1,0,0,0,0,0,1,1,0,0,0,0,0,0,0,0,0,0,Cluster_0
387,1,1,0,1,0,0,0,0,0,1,1,0,0,0,0,0,0,0,0,0,0,Cluster_0
388,1,1,1,0,1,0,0,0,0,0,1,0,0,0,0,0,0,0,0,0,0,Cluster_0
389,1,1,0,1,0,0,0,0,0,0,1,0,1,0,0,0,0,0,0,0,0,Cluster_0
390,1,1,1,1,1,1,0,0,0,1,1,0,0,0,0,0,0,0,1,0,0,Cluster_0
391,1,1,1,1,0,0,0,0,0,0,1,0,1,0,0,0,0,0,0,0,0,Cluster_0
392,1,1,1,1,1,0,0,0,0,0,1,0,0,0,0,0,0,0,0,0,0,Cluster_0
393,1,0,0,1,0,0,0,0,0,1,1,0,1,0,0,0,0,0,0,0,0,Cluster_0
394,1,1,0,1,0,0,0,1,0,1,1,0,0,1,1,1,1,1,0,0,1,Cluster_1
395,1,1,1,1,0,0,0,0,0,1,1,0,0,0,1,0,0,0,0,0,0,Cluster_0
396,1,1,0,1,0,0,0,0,0,0,1,0,0,0,1,0,0,0,0,0,0,Cluster_0
397,1,1,1,1,0,0,0,0,0,0,1,0,0,0,0,0,0,0,0,0,0,Cluster_0
398,1,1,1,1,0,0,0,0,0,0,1,0,1,0,0,0,0,0,0,0,0,Cluster_0
399,1,1,0,1,0,0,0,0,0,0,0,0,0,0,0,0,0,0,0,0,0,Cluster_0
